name,id,contact,roll no,department,year,Room No,Dues
Hassan Ali Ahmad,NUM-BSEE-2023-03,3087851117,3,ee,2,20,12000
Lal Zada,NUM-BSEE-2023-27,3087851100,27,ee,2,2,0
Mehroz Arbab,NUM-BSEE-2023-06,3087851103,6,ee,2,4,0
Mohsin Raza,NUM-BSEE-2023-4,3087851105,4,ee,2,5,0
Nouman Mukhtar,NUM-BSEE-2023-23,3087851106,23,ee,2,6,17000
Ahmad sher,NUM-BSEE-2023-18,3087851107,18,ee,2,7,17000
Abdul Rehman,NUM-BSEE-2023-36,3087851108,36,ee,2,8,17000
Basit Ali,NUM-BSEE-2023-20,3087851109,20,ee,2,9,17000
Tasawer Abbas,NUM-BSEE-2023-21,3087851110,21,ee,2,10,17000
Tahir Ali,NUM-BSEE-2023-28,3087851111,28,ee,2,11,0
sikandar khan,NUM-BSEE-2023-12,3087851112,12,ee,2,12,12000
raheem bakhsh,NUM-BSEE-2023-10,3087851113,10,ee,2,13,12000
Muhammad Osama,NUM-BSEE-2023-01,3087851114,1,ee,2,14,12000
Shahbaz Ahmad,NUM-BSEE-2023-37,3087851115,37,ee,2,15,12000
Mohammad Abu Bakar,NUM-BSEE-2023-29,3087851116,29,ee,2,16,12000
Qaisar Jillani,NUM-BSEE-2023-14,3087851118,14,ee,2,17,0
Zeeshan Hassan,NUM-BSEE-2023-26,3087851119,26,ee,2,18,0
Noor Ul Hassan,NUM-BSEE-2023-11,3087851120,11,ee,2,19,0
